Category,Things to See & Do
Place name,A day of dining & shopping in Singapore
Category,Where to Shop
Place name,Through the decades: Orchard Road’s retail giants
Category,What to Shop for
Place name,Take Home a Piece of Singapore
Category,Where to Shop
Place name, Shop the Unexpected at Orchard Road
Category,Annual Highlights
Place name,Why GPSS is the best time to visit Singapore
Category,Recreation & Leisure
Place name,Indulge yourself in Singapore: A special guide
Category,Things to See & Do
Place name,10 amazing things you never knew about Singapore 
Category,Things to See & Do
Place name,Transit in Singapore: What to do
Category,Recreation & Leisure
Place name,Spa retreats in Singapore
Category,Where to Shop
Place name,Shopper's heaven
Category,Things to See & Do
Place name,50 years of Singapore
Category,Dining Recommendations
Place name,Local flavour
Category,Things to See & Do
Place name,10 alternative things to do in Singapore
Category,What to Shop for
Place name,Sartorial tastemakers to watch
Category,What to Shop for
Place name,Uniquely local souvenirs
Category,Neighbourhoods
Place name,Ann Siang and Club Street
Category,Dining Recommendations
Place name,Food revival
Category,What to Shop for
Place name,Gin Lee: Feminine threads for the modern woman
Category,History
Place name,History tours in Singapore
Category,Fun Activities
Place name,Best day ever: 10 things to do with kids 
Category,Dining by Neighbourhood
Place name,A foodie's guide to Joo Chiat and Katong
Category,Islands
Place name,"Island life, love it!"
Category,Things to See & Do
Place name,Explore the past in a morning
Category,Where to Shop
Place name,Best kept shopping secrets by precinct
Category,Things to See & Do
Place name,Finding peace of mind downtown
Category,What to Shop for
Place name,Made in Singapore
Category,Dining Recommendations
Place name,Eat celebrity. Be celebrity.
Category,Things to See & Do
Place name,Singapore in 24 hours
Category,Things to See & Do
Place name,Singapore Tours Not to Miss 
Category,Local Dishes
Place name,Fish Head Curry
Category,Arts
Place name,Get crafty in Singapore
Category,Dining Recommendations
Place name,11 drinks to try at a Singaporean hawker centre
Category,Heritage Discovery
Place name,A kaleidoscope of cultures
Category,Fun Activities
Place name,Of markets and mudskippers
Category,
Place name,API
Category,East
Place name,Things to do in Changi
Category,
Place name,"Singapore, where passions are made possible"
Category,Things to See & Do
Place name,Love struck
Category,Central
Place name,Janice Wong
Category,Parks & Gardens
Place name,Garden of dreams
Category,Nature & Wildlife
Place name,Walk on the wild side
Category,Architecture
Place name,History never tasted this good
Category,What to Shop for
Place name,Designed in Singapore: Local labels to love
Category,Recreation & Leisure
Place name,Top tours on wheels
Category,Dining Recommendations
Place name,Get a taste of traditional Singapore
Category,Things to See & Do
Place name,A day guide for street culture lovers
Category,Recreation & Leisure
Place name,A 1-day guide for thrill seekers
Category,About Singapore
Place name,About Singapore
Category,Things to See & Do
Place name,"Meeting Laila Lu, local entrepreneur"
Category,East
Place name,"Meeting Peter Wee of the east-side neighbourhood, Katong"
Category,Things to See & Do
Place name,A week in Singapore for the whole family
Category,Architecture
Place name,Cultural treasures
Category,Things to See & Do
Place name,"Been there, done that? Think again."
Category,Annual Highlights
Place name,Circuit de 1919: A Pirelli Edition
Category,Parks & Gardens
Place name,Secret gardens
Category,Things to See & Do
Place name,The best of Singapore in 1 day
Category,Nightlife in the City
Place name,6 bars not to miss
Category,Fun Activities
Place name,Kids just wanna have fun 
Category,Getting around Singapore
Place name,Getting Around Singapore
Category,Art Museums & Institutions
Place name,Art galore in Singapore
Category,Things to See & Do
Place name,Velda Tan
Category,What to Shop for
Place name,Souvenir shopping 
Category,Performance & Exhibition Venues
Place name,Singapore: Inside Out – Singapore
Category,What to Shop for
Place name,Bagging a success story
Category,Recreation & Leisure
Place name,Sentosa
Category,Where to Shop
Place name,Orchard
Category,Annual Highlights
Place name,Design Circuit Presented by Naiise
Category,What to Shop for
Place name,The best edible souvenirs from Singapore
Category,Things to See & Do
Place name,10 Must-Do’s in Singapore
Category,Fun Activities
Place name,Challenge yourself at these endurance sports events
Category,Art Museums & Institutions
Place name,9 must-visit museums in Singapore
Category,About Singapore
Place name,Our Way of Life
Category,What to Shop for
Place name,Shop Singapore Designs
Category,Where to Shop
Place name,Fantastic finds (flea markets)
Category,Dining by Neighbourhood
Place name,A foodie's guide to the East
Category,Nightlife in the City
Place name,Cocktails with a local twist
Category,What to Shop for
Place name,Made to order and made for you
Category,Islands
Place name,Where the pilgrims roam
Category,Things to See & Do
Place name,Top 10 must-dos in Singapore
Category,
Place name,Meet Subaraj Rajathurai
Category,Architecture
Place name,Building identity through the lens
Category,Heritage Discovery
Place name,Five things you didn't know about Haw Par Villa
Category,What to Shop for
Place name,Wear it local
Category,Dining Recommendations
Place name,Hip hawkers taking local food to a new level
Category,Dining Recommendations
Place name,Singaporean chefs cooking up a storm
Category,Annual Highlights
Place name,Get set for a feast at the Singapore Food Festival 2017 
Category,Dining by Neighbourhood
Place name,A foodie’s guide to Little India
Category,Dining Recommendations
Place name,Modern twist to local dining 
Category,Things to See & Do
Place name,Authentic Singapore Spots
Category,Dining Recommendations
Place name,Meeting Ryan Clift of The Tippling Club
Category,Nightlife in the City
Place name,Tom Hogan
Category,Arts
Place name,Museums with more
Category,Arts
Place name,Art comes alive on this Little India trail
Category,Annual Highlights
Place name,The Landmark Circuit
Category,
Place name,Meet Malcolm Lee
Category,Architecture
Place name,The art and architecture of Tiong Bahru
Category,Annual Highlights
Place name,Sky Grande Prix
Category,Recreation & Leisure
Place name,Budget-friendly romantic experiences in Singapore
Category,Recreation & Leisure
Place name,A guide to kid-friendly experiences in Orchard Road
Category,Annual Highlights
Place name,Singapore’s annual food events
